Workbook

Sheet Worksheet1
A1: MSSV | B1: Hoten | C1: Lop
A2: 1111434 | B2: Lê Huỳnh Như | C2: DI11Y9A2
A3: 1111450 | B3: Sơn Sony | C3: DI11Y9A1
A4: A1200014 | B4: Võ Đông Triều | C4: CP1296C1
A5: A1200028 | B5: Lê Phong Cảnh | C5: CP1296C1
A6: A1200137 | B6: Trần Tấn Quốc | C6: CP1296C1
A7: B1204052 | B7: Nguyễn Thanh Phong | C7: DI1296A2
A8: B1204121 | B8: Nguyễn Thanh Thiện | C8: DI1295A1
A9: B1208601 | B9: Hồ Thị Huế Chi | C9: DI12Z6A2
A10: B1209103 | B10: Nguyễn Hoài Nam | C10: TC12Z5A1
A11: B1209107 | B11: Cao Tuấn Nguyên | C11: TC12Z5A1
A12: B1209144 | B12: Huỳnh Nhựt Thương | C12: TC12Z5A2
A13: B1302016 | B13: Nguyễn Phước Toàn | C13: XH13W9A1
A14: B1304488 | B14: Hồng Duy Hiệu | C14: DI13Z6A1
A15: B1304494 | B15: Kim Mel | C15: DI13Z6A1
... A18: B1204052 | B18: Nguyễn Thanh Phong | C18: DI1296A2

Sheet Worksheet2
A1: MSSV | B1: MaMH | C1: Diem
A2: 1111434 | B2: CT447 | C2: A
A3: 1111450 | B3: CT107 | C3: A
A4: A1200014 | B4: CT178 | C4: C
A5: A1200028 | B5: CT447 | C5: D
A6: A1200137 | B6: CT107 | C6: B
A7: B1204052 | B7: CT178 | C7: A
A8: B1204121 | B8: CT447 | C8: A
A9: B1208601 | B9: CT107 | C9: C
A10: B1209103 | B10: CT178 | C10: D
A11: B1209107 | B11: CT447 | C11: B
A12: B1209144 | B12: CT107 | C12: A
A13: B1302016 | B13: CT178 | C13: A
A14: B1304488 | B14: CT447 | C14: C
A15: B1304494 | B15: CT107 | C15: D
C16: B
A18: MSSV | B18: MaMH | C18: Diem
A19: A1200014 | B19: CT178 | C19: C
A20: B1204052 | B20: CT178 | C20: A
A21: B1209103 | B21: CT178 | C21: D
A22: B1302016 | B22: CT178 | C22: A

Sheet Worksheet3
A1: MaMH | B1: TenMH | C1: TinChi
A2: CT447 | B2: Quan Tri He Thong | C2: 3
A3: CT107 | B3: He Dieu Hanh | C3: 3
A4: CT178 | B4: Nen tang CNTT | C4: 3

Sheet Sheet4
A1: MSSV | B1: Hoten | C1: Lop | D1: MaMH | E1: Diem
A2: 1111434 | B2: =VLOOKUP(A2,Worksheet1!A:C,2,FALSE) -> Lê Huỳnh Như | C2: =VLOOKUP(A2,Worksheet1!A:C,3,FALSE) -> DI11Y9A2 | D2: CT447 | E2: A
A3: 1111450 | B3: =VLOOKUP(A3,Worksheet1!A:C,2,FALSE) -> Sơn Sony | C3: =VLOOKUP(A3,Worksheet1!A:C,3,FALSE) -> DI11Y9A1 | D3: CT107 | E3: A
A4: A1200014 | B4: =VLOOKUP(A4,Worksheet1!A:C,2,FALSE) -> Võ Đông Triều | C4: =VLOOKUP(A4,Worksheet1!A:C,3,FALSE) -> CP1296C1 | D4: CT178 | E4: C
A5: A1200028 | B5: =VLOOKUP(A5,Worksheet1!A:C,2,FALSE) -> Lê Phong Cảnh | C5: =VLOOKUP(A5,Worksheet1!A:C,3,FALSE) -> CP1296C1 | D5: CT447 | E5: D
A6: A1200137 | B6: =VLOOKUP(A6,Worksheet1!A:C,2,FALSE) -> Trần Tấn Quốc | C6: =VLOOKUP(A6,Worksheet1!A:C,3,FALSE) -> CP1296C1 | D6: CT107 | E6: B
A7: B1204052 | B7: =VLOOKUP(A7,Worksheet1!A:C,2,FALSE) -> Nguyễn Thanh Phong | C7: =VLOOKUP(A7,Worksheet1!A:C,3,FALSE) -> DI1296A2 | D7: CT178 | E7: A
A8: B1204121 | B8: =VLOOKUP(A8,Worksheet1!A:C,2,FALSE) -> Nguyễn Thanh Thiện | C8: =VLOOKUP(A8,Worksheet1!A:C,3,FALSE) -> DI1295A1 | D8: CT447 | E8: A
A9: B1208601 | B9: =VLOOKUP(A9,Worksheet1!A:C,2,FALSE) -> Hồ Thị Huế Chi | C9: =VLOOKUP(A9,Worksheet1!A:C,3,FALSE) -> DI12Z6A2 | D9: CT107 | E9: C
A10: B1209103 | B10: =VLOOKUP(A10,Worksheet1!A:C,2,FALSE) -> Nguyễn Hoài Nam | C10: =VLOOKUP(A10,Worksheet1!A:C,3,FALSE) -> TC12Z5A1 | D10: CT178 | E10: D
A11: B1209107 | B11: =VLOOKUP(A11,Worksheet1!A:C,2,FALSE) -> Cao Tuấn Nguyên | C11: =VLOOKUP(A11,Worksheet1!A:C,3,FALSE) -> TC12Z5A1 | D11: CT447 | E11: B
A12: B1209144 | B12: =VLOOKUP(A12,Worksheet1!A:C,2,FALSE) -> Huỳnh Nhựt Thương | C12: =VLOOKUP(A12,Worksheet1!A:C,3,FALSE) -> TC12Z5A2 | D12: CT107 | E12: A
A13: B1302016 | B13: =VLOOKUP(A13,Worksheet1!A:C,2,FALSE) -> Nguyễn Phước Toàn | C13: =VLOOKUP(A13,Worksheet1!A:C,3,FALSE) -> XH13W9A1 | D13: CT178 | E13: A
A14: B1304488 | B14: =VLOOKUP(A14,Worksheet1!A:C,2,FALSE) -> Hồng Duy Hiệu | C14: =VLOOKUP(A14,Worksheet1!A:C,3,FALSE) -> DI13Z6A1 | D14: CT447 | E14: C
A15: B1304494 | B15: =VLOOKUP(A15,Worksheet1!A:C,2,FALSE) -> Kim Mel | C15: =VLOOKUP(A15,Worksheet1!A:C,3,FALSE) -> DI13Z6A1 | D15: CT107 | E15: D
E16: B
A17: MSSV | B17: Hoten | C17: Lop | D17: MaMH
A18: A1200014 | B18: Võ Đông Triều | C18: CP1296C1 | D18: CT178
A19: MSSV | B19: Hoten | C19: Lop | D19: MaMH | E19: Diem
A20: A1200014 | B20: Võ Đông Triều | C20: CP1296C1 | D20: CT178 | E20: C
